Team,2026 Conference,Record,SP+,Rk,Off. SP+,Rk,Def. SP+,Rk
Georgia,SEC,Apr-00,82.3,1,67.6,2,-14.3,1
Ohio State,Big Ten,1-Mar,80.9,2,67.7,1,-13.3,3
Notre Dame,Indies (FBS),Apr-00,80.2,3,66.6,4,-13.4,2
Indiana,Big Ten,Apr-00,79,4,66.3,6,-12.4,7
Miami-FL,ACC,Apr-00,77.8,5,65.5,8,-12.1,8
Alabama,SEC,Apr-00,75.1,6,65.7,7,-9.4,13
Texas,SEC,Apr-00,74.5,7,61.8,16,-12.5,5
Oregon,Big Ten,1-Mar,73.7,8,66.3,5,-7,25
Utah,Big 12,Apr-00,73.6,9,63.1,13,-10.3,11
LSU,SEC,1-Mar,73.4,10,60.8,22,-12.6,4
Texas Tech,Big 12,Apr-00,72.3,11,63.6,11,-8.5,17
Florida,SEC,Apr-00,70.6,12,64.9,9,-5.3,31
USC,Big Ten,1-Apr,69.9,13,67.6,3,-2.4,49
Tennessee,SEC,1-Mar,69.8,14,62.9,14,-6.7,26
Penn State,Big Ten,1-Mar,69,15,58.7,28,-10,12
Nebraska,Big Ten,Apr-00,69,16,61.2,20,-7.8,22
BYU,Big 12,Mar-00,68.4,17,60.3,25,-7.8,21
Mississippi State,SEC,Apr-00,67.2,18,63.9,10,-2.9,48
Iowa,Big Ten,Apr-00,66.9,19,55,52,-11.6,10
Pittsburgh,ACC,Apr-00,66.8,20,58.1,36,-8.6,15
Virginia,ACC,1-Mar,66.5,21,58.4,31,-7.9,20
Michigan,Big Ten,1-Mar,66.4,22,54.8,53,-11.6,9
Kansas State,Big 12,1-Mar,66.1,23,61,21,-4.8,37
UCLA,Big Ten,Apr-00,65.9,24,61.7,17,-4.1,40
Missouri,SEC,1-Mar,65.8,25,57.2,40,-8.7,14
SMU,ACC,1-Mar,65.1,26,61.7,18,-3.8,41
Oklahoma,SEC,2-Feb,64.9,27,52.1,83,-12.5,6
Virginia Tech,ACC,Apr-00,64.4,28,58.9,27,-5.5,30
Washington,Big Ten,1-Mar,64.2,29,56,45,-8.3,18
Houston,Big 12,1-Mar,64.2,30,62.4,15,-1.9,53
Auburn,SEC,1-Mar,63.5,31,54.7,54,-8.5,16
Ole Miss,SEC,1-Mar,63.2,32,63.2,12,0.5,75
Arizona,Big 12,1-Mar,62.8,33,58.4,32,-4.7,38
Duke,ACC,Apr-00,62.3,34,58.5,30,-3.7,42
Oklahoma State,Big 12,1-Mar,62.3,35,58.3,33,-3.7,43
James Madison,Sun Belt,Apr-00,62,36,55.5,48,-6.5,27
Louisville,ACC,2-Feb,62,37,61.5,19,-0.3,66
Cincinnati,Big 12,Apr-00,61.3,38,60.4,23,-0.6,63
Texas A&M,SEC,2-Feb,61,39,57.4,38,-3.6,44
UCF,Big 12,1-Mar,60.8,40,53,68,-7.7,23
Illinois,Big Ten,2-Feb,60.6,41,60.4,24,0.2,71
TCU,Big 12,2-Feb,60.3,42,54.3,60,-6.2,28
Baylor,Big 12,1-Mar,60.2,43,54.6,56,-5.2,32
Kentucky,SEC,1-Mar,60.1,44,57.2,41,-3,47
North Dakota State,MWC,Apr-00,59.9,45,54.6,55,-5.1,33
New Mexico,MWC,1-Mar,59.8,46,53.9,63,-5.7,29
Boise State,Pac-12,1-Mar,59.7,47,58.5,29,-1.3,56
Vanderbilt,SEC,1-Mar,59.6,48,55.8,46,-3.5,45
South Carolina,SEC,2-Feb,59.6,49,57.3,39,-1.9,52
Northwestern,Big Ten,1-Feb,59.4,50,54.2,61,-4.9,36
Wisconsin,Big Ten,1-Mar,59,51,51,92,-8,19
Minnesota,Big Ten,1-Mar,58.6,52,53.8,64,-4.9,34
Florida State,ACC,2-Feb,57.8,53,58.2,35,0.4,74
Clemson,ACC,1-Mar,57,54,49.5,101,-7.2,24
USF,AAC,Apr-00,56,55,55.4,49,-0.6,62
Maryland,Big Ten,2-Feb,56,56,54.5,57,-1.4,54
Wake Forest,ACC,1-Mar,55.8,57,55.1,50,-0.5,64
Iowa State,Big 12,2-Feb,55.5,58,50.6,94,-4.7,39
NC State,ACC,2-Feb,55.5,59,57.6,37,1.9,84
North Carolina,ACC,1-Feb,55.1,60,50,97,-4.9,35
Arizona State,Big 12,1-Feb,55.1,61,52.3,80,-3.2,46
Liberty,CUSA,1-Mar,54.6,62,53.4,65,-1.3,55
Memphis,AAC,1-Mar,54.4,63,58.2,34,4,98
West Virginia,Big 12,1-Mar,53.5,64,56.5,43,3.1,93
Oregon State,Pac-12,2-Feb,53.3,65,52.6,73,-1.2,57
Kansas,Big 12,2-Jan,53.1,66,52.4,78,-0.3,67
Michigan State,Big Ten,2-Feb,52.4,67,51.3,87,-1.1,58
Toledo,MAC,1-Mar,52.4,68,52.5,76,-0.2,68
Georgia Tech,ACC,3-Jan,52,69,52.7,71,0.8,76
Fresno State,Pac-12,1-Mar,51.8,70,49.7,99,-2,50
Arkansas,SEC,2-Feb,51.8,71,54.2,62,2.7,91
Army,AAC,1-Feb,51.3,72,52.2,82,1,77
UTSA,AAC,1-Mar,51.1,73,56,44,4.9,101
Syracuse,ACC,2-Jan,50.9,74,48.7,108,-1.9,51
Rutgers,Big Ten,3-Jan,50.5,75,57,42,6.7,119
Texas State,Pac-12,2-Feb,50.3,76,59.7,26,9.3,140
Jacksonville State,CUSA,2-Mar,49.9,77,52.5,77,2.3,89
UNLV,MWC,2-Feb,49.7,78,52.1,84,2.4,90
East Carolina,AAC,2-Feb,49.3,79,49.5,102,0.1,69
UL-Lafayette,Sun Belt,1-Mar,49.1,80,51.2,90,1.8,83
California,ACC,2-Feb,48.9,81,49.4,103,0.2,70
Colorado,Big 12,2-Feb,48.8,82,48.3,112,-0.9,59
Tulsa,AAC,1-Mar,48.7,83,47.8,117,-0.7,60
Air Force,MWC,1-Feb,48.7,84,52.2,81,3.7,95
Connecticut,Indies (FBS),2-Feb,48.4,85,51.6,86,3.5,94
Navy,AAC,2-Jan,48.4,86,52,85,3.7,96
Florida Atlantic,AAC,1-Mar,47.9,87,53.3,66,5.6,110
South Dakota State,MVFC,1-Apr,47.8,88,53.2,67,5.4,107
Miami-OH,MAC,2-Feb,47.8,89,50.6,95,2.9,92
Appalachian State,Sun Belt,1-Mar,47.7,90,51.3,88,3.8,97
Boston College,ACC,2-Feb,47.5,91,46.9,123,-0.5,65
North Texas,AAC,2-Feb,46.4,92,55.7,47,9,135
Temple,AAC,3-Jan,46,93,52.6,75,6.7,118
Massachusetts,MAC,Apr-00,45.9,94,47.8,118,1.8,82
Purdue,Big Ten,3-Jan,45.7,95,54.4,58,9.1,137
Nevada,MWC,3-Jan,45.6,96,47.6,119,2.3,88
Montana State,Big Sky,May-00,45,97,52.6,74,7.6,125
Western Michigan,MAC,2-Feb,44.9,98,45.2,137,0.2,72
Colorado State,Pac-12,2-Feb,44.8,99,52.4,79,7.6,123
Tulane,AAC,2-Feb,44.8,100,46,129,1.5,80
Florida International,CUSA,2-Feb,44.5,101,44,148,-0.7,61
Illinois State,MVFC,1-Apr,44.5,102,52.9,70,8.4,130
San Diego State,Pac-12,3-Jan,44.3,103,45.9,130,2,86
Old Dominion,Sun Belt,3-Jan,44.2,104,44.8,141,0.4,73
Stanford,ACC,2-Feb,43.7,105,48.3,111,4.3,100
Georgia Southern,Sun Belt,3-Jan,43.5,106,49,105,5.4,108
Troy,Sun Belt,2-Feb,43.3,107,45.3,135,1.9,85
Utah State,Pac-12,3-Jan,42.8,108,44.2,145,1,78
Washington State,Pac-12,3-Jan,42.8,109,44.4,144,1.4,79
Austin Peay,UAC,1-Apr,42.7,110,47.9,115,5.2,103
Arkansas State,Sun Belt,2-Feb,42.6,111,49.3,104,6.6,116
Louisiana Tech,Sun Belt,2-Jan,42.3,112,47.6,120,5.2,104
Stephen F. Austin,Southland,May-00,42.1,113,51.1,91,8.9,134
Ohio,MAC,2-Feb,41.6,114,47.2,121,5.2,105
Delaware,CUSA,2-Feb,41.4,115,47.9,116,6.2,112
Georgia State,Sun Belt,1-Mar,40.9,116,50.7,93,9.5,143
Coastal Carolina,Sun Belt,3-Jan,40.7,117,48.8,106,8.1,127
Montana,Big Sky,1-Apr,40.6,118,54.3,59,13.7,177
Kennesaw State,CUSA,3-Jan,40.4,119,46.1,128,5.3,106
SC State,MEAC,May-00,40.2,120,48.4,110,8.2,128
Hawaii,MWC,3-Jan,39.9,121,45.9,131,6.2,113
Marshall,Sun Belt,1-Mar,39.6,122,51.2,89,11.6,160
Tarleton State,UAC,Apr-00,39.4,123,48.6,109,9.2,138
Wyoming,MWC,2-Feb,39.4,124,41.1,165,1.5,81
Youngstown State,MVFC,2-Mar,39.2,125,55.1,51,15.9,194
North Dakota,MVFC,1-Apr,38.9,126,52.7,72,13.8,178
Tennessee Tech,Southern,Apr-00,38.5,127,45.6,133,7.2,122
Lehigh,Patriot,May-00,38.1,128,42.3,157,4.2,99
Sam Houston,CUSA,3-Jan,38,129,45.1,138,6.8,120
UAB,AAC,2-Feb,37.8,130,44.9,140,6.9,121
Idaho State,Big Sky,Apr-00,37.6,131,48.7,107,11.1,158
Rice,AAC,3-Jan,37,132,44.6,143,7.6,124
San Jose State,MWC,2-Feb,37,133,42.7,155,5.5,109
South Alabama,Sun Belt,2-Feb,36.7,134,49.9,98,12.8,168
Middle Tennessee,CUSA,2-Feb,36.1,135,44,147,8,126
Western Kentucky,CUSA,3-Jan,35.7,136,46.2,126,10.8,154
South Dakota,MVFC,2-Mar,35.3,137,49.6,100,14.3,181
Harvard,Ivy League,Feb-00,35.2,138,37.5,202,2.3,87
Buffalo,MAC,2-Feb,34.9,139,40.5,170,6,111
Missouri State,CUSA,3-Jan,34.5,140,44.8,142,9.9,147
Jackson State,SWAC,Apr-00,34.3,141,45.3,136,10.9,155
New Mexico State,CUSA,3-Jan,34.3,142,44.2,146,9.6,144
Ferris State,GLIAC,Apr-00,34.3,143,53,69,18.7,223
Eastern Michigan,MAC,3-Feb,34.1,144,41,166,6.7,117
Southern Miss,Sun Belt,3-Jan,33.7,145,45.1,139,11,156
Central Michigan,MAC,2-Feb,33.4,146,38.7,188,5,102
Southern Illinois,MVFC,2-Mar,33.3,147,48.1,113,14.9,188
Mercer,Southern,2-Mar,32.3,148,41.1,164,8.8,132
UC Davis,Big Sky,2-Mar,32,149,50.4,96,18.3,218
Kent State,MAC,2-Feb,29.7,150,39.4,181,9.3,141
Elon,CAA,1-Apr,29.7,151,38.6,195,8.9,133
Yale,Ivy League,1-Jan,29.5,152,43.9,149,14.5,182
Sacramento State,MAC,4-Jan,29.2,153,38.9,186,9.5,142
Akron,MAC,3-Jan,29,154,40,173,10.5,153
Rhode Island,CAA,3-Feb,28.4,155,38.7,192,10.3,150
Grand Valley State,GLIAC,Apr-00,28.2,156,42,160,13.7,176
Northern Illinois,MWC,0-4,28.2,157,38.9,185,10.3,151
UTEP,MWC,3-Jan,28.1,158,40.7,168,12.2,163
Lamar,Southland,1-Mar,27.7,159,36.4,212,8.7,131
ETSU,Southern,2-Mar,27.4,160,45.3,134,18,217
Southeastern Louisiana,Southland,2-Mar,27.3,161,45.8,132,18.5,221
Ball State,MAC,3-Jan,27.1,162,38.8,187,11.5,159
St. Thomas,Pioneer,1-Apr,26.9,163,39.5,178,12.7,167
Bowling Green,MAC,0-4,25.7,164,35.3,226,9.7,145
Northern Arizona,Big Sky,2-Mar,25.3,165,46.4,125,21.1,261
UTRGV,Southland,2-Feb,25.1,166,38.7,190,13.6,175
Chattanooga,Southern,2-Mar,24.9,167,34.1,245,9.2,139
Dartmouth,Ivy League,0-2,24.8,168,35.9,215,11.1,157
Charlotte,AAC,0-4,24.8,169,38.3,197,13.1,170
West Florida,UAC,1-Mar,24.8,170,38.6,194,13.8,179
Harding,Great American,Apr-00,24.5,171,42.9,152,18.4,220
Abilene Christian,UAC,4-Jan,24.3,172,37.5,201,13.2,172
Western Carolina,Southern,3-Feb,24.3,173,46.4,124,22.1,279
Alabama State,SWAC,1-Mar,24.2,174,41.3,163,17,203
Gardner-Webb,OVC,4-Jan,23.6,175,38.4,196,14.8,185
Stony Brook,CAA,2-Mar,23.5,176,42.3,158,18.8,226
Villanova,Patriot,3-Feb,23.3,177,35.3,225,12,162
UL-Monroe,Sun Belt,0-4,23.1,178,39.9,174,16.3,199
Colorado State-Pueblo,RMAC,May-00,23.1,179,40.7,169,17.6,212
Butler,Pioneer,1-Apr,23.1,180,39.8,175,16.7,201
Penn,Ivy League,1-Jan,23,181,29.2,310,6.3,115
Monmouth,CAA,2-Mar,22.7,182,42.6,156,19.9,239
Colgate,Patriot,1-Apr,22.4,183,32.7,260,10.2,149
Southern Utah,Big Sky,4-Jan,22.1,184,46.2,127,24,312
Minnesota State,Northern Sun,May-00,22.1,185,35.2,228,13.2,171
Richmond,Patriot,1-Apr,21.9,186,31.8,272,9.8,146
Dayton,Pioneer,Mar-00,21.8,187,30.8,287,9,136
Kutztown,PSAC,Apr-00,21.3,188,41.3,162,20,244
North Alabama,UAC,2-Mar,21.1,189,35.3,224,14.2,180
Northern Iowa,MVFC,2-Feb,21,190,36.9,207,15.9,195
Furman,Southern,3-Feb,20.4,191,30.5,291,10.1,148
Princeton,Ivy League,1-Jan,20.3,192,26.5,366,6.2,114
Incarnate Word,Southland,2-Feb,20.3,193,40.2,171,20,243
Weber State,Big Sky,3-Feb,20.2,194,47.9,114,27.8,371
Delaware State,MEAC,2-Mar,20.1,195,38.6,193,18.5,222
Indiana State,MVFC,3-Feb,20,196,42.7,154,22.7,291
Western Illinois,OVC,3-Feb,19.4,197,37,206,17.6,211
UT Martin,OVC,4-Jan,19.3,198,35.4,222,16,197
Brown,Ivy League,1-Jan,19.2,199,27.6,339,8.4,129
Prairie View A&M,SWAC,3-Feb,19.1,200,38.7,189,19.7,236
Cal Poly,Big Sky,2-Mar,19,201,41.9,161,22.9,294
SE Missouri State,OVC,3-Feb,19,202,32.3,266,13.2,173
Idaho,Big Sky,0-4,19,203,42.1,159,23.1,297
Central Arkansas,UAC,3-Feb,18.9,204,35.1,232,16.2,198
UW-Whitewater,WIAC,Mar-00,18.8,205,37.8,199,19,230
NC Central,MEAC,3-Feb,18.7,206,39,184,20.3,249
Campbell,CAA,1-Apr,18.7,207,39.5,179,20.8,255
Alabama A&M,SWAC,1-Apr,18.4,208,39.6,177,21.2,264
Cornell,Ivy League,1-Jan,18.2,209,31.1,283,12.9,169
NW Missouri State,Mid-America,1-Mar,18.1,210,33.6,252,15.5,191
Norfolk State,MEAC,2-Mar,18.1,211,39.1,183,20.9,256
Charleston Southern,OVC,2-Feb,18,212,28.4,328,10.3,152
Slippery Rock,PSAC,Apr-00,18,213,43.1,151,25.1,327
West Georgia,UAC,4-Jan,17.7,214,32.2,267,14.5,183
McNeese State,Southland,3-Feb,17.7,215,37.6,200,19.9,240
Eastern Washington,Big Sky,4-Jan,17.4,216,40.9,167,23.5,304
Eastern Kentucky,UAC,3-Jan,17.4,217,29.8,301,12.5,166
Grambling,SWAC,2-Feb,17.1,218,34.4,243,17.2,206
Western Colorado,RMAC,May-00,17.1,219,34.6,239,17.5,209
UW-River Falls,WIAC,Mar-00,17,220,37.4,203,20.4,251
Northern Colorado,Big Sky,3-Feb,16.9,221,34.1,246,17.2,205
Morgan State,MEAC,1-Mar,16.8,222,34.6,237,17.8,214
Marist,Pioneer,2-Feb,16.3,223,28.7,319,12.4,165
Columbia,Ivy League,Feb-00,16.2,224,31.3,278,15.1,190
North Central (Ill.),CCIW,Mar-00,16.1,225,35.9,216,19.8,238
Albany-NY,CAA,3-Feb,15.9,226,28.2,330,12.2,164
St. John's,MIAC,Mar-00,15.6,227,39.1,182,23.5,306
Indiana (PA),PSAC,Apr-00,15.5,228,35.1,234,19.5,234
Indiana Wesleyan,Mid-States Mideast,Apr-00,15.3,229,47,122,31.6,461
Bryant,CAA,1-Mar,15.3,230,30.2,296,14.9,189
Lafayette,Patriot,3-Jan,15,231,37.1,205,22.1,278
William & Mary,Patriot,3-Feb,14.5,232,36.2,214,21.7,269
Keiser University,The Sun,1-Feb,14.4,233,37.3,204,22.9,293
Northwood,Great Midwest,Apr-00,14.3,234,29.2,311,14.8,187
Wofford,Southern,3-Feb,14.2,235,28.9,315,14.6,184
Henderson State,Great American,Apr-00,14,236,35.2,230,21.2,263
UW-Platteville,WIAC,Mar-00,13.9,237,32.9,256,19,231
New Hampshire,CAA,4-Jan,13.9,238,31.1,284,17.2,207
Valdosta State,Gulf South,1-Mar,13.7,239,35.9,217,22.2,281
Bethune-Cookman,SWAC,2-Feb,13.4,240,39.8,176,26.4,349
Lindenwood,OVC,3-Jan,13.1,241,32.6,262,19.5,232
Davenport,GLIAC,Apr-00,12.7,242,32.7,261,19.9,241
Grand View (Iowa),Heart of America,1-Apr,12.2,243,25.5,385,13.3,174
Tiffin,Great Midwest,1-Mar,11.6,244,32.8,258,21.2,262
Drake,Pioneer,3-Jan,11.6,245,34.9,236,23.2,301
Central Missouri,Mid-America,1-Mar,11.5,246,36.8,208,25.3,332
Robert Morris,NEC,2-Feb,11.4,247,26.2,370,14.8,186
Friends (Kan.),Kansas Collegiate,May-00,11.4,248,43.6,150,32.2,466
Lindsey Wilson (Ky.),Mid-South,1-Apr,11.2,249,35.6,220,24.4,315
Carson-Newman,South Atlantic,1-Apr,11.1,250,23,437,11.9,161
Findlay,Great Midwest,1-Mar,11.1,251,27.1,348,16,196
Alcorn State,SWAC,2-Mar,11.1,252,39.5,180,28.4,390
East Stroudsburg,PSAC,1-Mar,11,253,35.3,223,24.3,313
College of Idaho,Frontier,Apr-00,10.9,254,34.4,241,23.5,305
Samford,Southern,3-Jan,10.9,255,29.6,306,18.7,224
Wingate,South Atlantic,3-Feb,10.9,256,26.7,358,15.8,193
Sacred Heart,CAA,3-Jan,10.8,257,29.6,305,18.8,227
Virginia Union,CIAA,1-Apr,10.6,258,30.5,290,20,242
Central Washington,Lone Star,1-Feb,10.5,259,40.2,172,29.7,421
Towson,CAA,0-5,10,260,31.4,277,21.4,265
Hillsdale,Great Midwest,1-Mar,9.7,261,26.4,368,16.6,200
San Diego,Pioneer,3-Jan,9.7,262,36.4,210,26.8,353
Ouachita Baptist,Great American,2-Feb,9.6,263,32.2,268,22.5,289
Duquesne,NEC,3-Jan,9.6,264,31.3,281,21.7,268
Cortland,E8,Apr-00,9.6,265,31.3,279,21.7,271
Maine,CAA,4-Jan,9.2,266,26.7,356,17.5,210
Holy Cross,Patriot,4-Jan,9,267,29.1,312,20,245
Central Oklahoma,Mid-America,2-Feb,8.7,268,30.4,295,21.6,267
Minnesota-Duluth,Northern Sun,2-Mar,8.7,269,27.1,349,18.4,219
Benedictine (Kan.),Heart of America,1-Apr,8.5,270,28.7,320,20.2,247
Nicholls State,Southland,3-Feb,8.4,271,34.5,240,26.1,343
Bethel,MIAC,1-Feb,8.4,272,36.5,209,28.1,378
Texas-Permian Basin,Lone Star,1-Mar,8.3,273,38.7,191,30.4,436
Newberry,South Atlantic,1-Feb,8.1,274,25.9,376,17.8,216
Wheaton (Ill.),CCIW,Apr-00,8.1,275,31.3,280,23.2,300
Central Connecticut,NEC,0-3,8.1,276,35.9,218,27.8,372
Augustana (SD),Northern Sun,2-Mar,7.8,277,33.8,248,26,342
Salisbury,NJAC,Mar-00,7.6,278,32.3,265,24.7,320
Emporia State,Mid-America,Apr-00,7.6,279,28.7,321,21.1,259
North Greenville,Carolinas,Apr-00,7.4,280,31.2,282,23.8,310
Tennessee State,OVC,3-Jan,7.3,281,24.3,409,17,202
John Carroll,NCAC,Apr-00,7.3,282,27.5,342,20.2,248
Houston Christian,Southland,3-Feb,7.3,283,32.4,264,25.1,328
Morningside (Iowa),Great Plains,1-Apr,7.2,284,42.8,153,35.5,524
Michigan Tech,GLIAC,1-Mar,7.2,285,36.2,213,29,399
Howard,MEAC,3-Jan,7.1,286,28.9,314,21.8,272
Hope,MIAA,Apr-00,7,287,30,299,23,296
West Alabama,Gulf South,1-Apr,7,288,28,333,21,258
St. Thomas (Fla.),The Sun,Apr-00,6.9,289,31.4,275,24.5,318
Ashland,Great Midwest,3-Jan,6.9,290,22.4,444,15.5,192
Eastern Illinois,OVC,4-Jan,6.9,291,29.4,308,22.5,288
Wayne State (NE),Northern Sun,1-Apr,6.7,292,24.3,408,17.6,213
Georgetown,Patriot,0-3,6.5,293,26.6,363,20.1,246
Johnson C. Smith,CIAA,1-Mar,6.5,294,25.3,388,18.9,228
Lenoir-Rhyne,South Atlantic,3-Feb,6.4,295,24.3,412,17.8,215
East Texas A&M,Southland,4-Jan,6.3,296,34.4,242,28.2,382
Saginaw Valley,GLIAC,2-Jan,6.2,297,35.6,219,29.4,407
Montana Tech,Frontier,1-Apr,6.2,298,35.1,231,29,397
Campbellsville (Ky.),Mid-South,Apr-00,6,299,33.4,253,27.4,362
Portland State,Big Sky,4-Jan,5.7,300,38.1,198,32.3,470
Southern U.,SWAC,3-Feb,5.7,301,35.2,227,29.6,413
California (PA),PSAC,2-Feb,5.5,302,31.4,276,25.9,338
Texas Southern,SWAC,3-Jan,5.5,303,34.6,238,29.1,400
Fort Hays State,Mid-America,2-Feb,5.4,304,27.1,347,21.7,270
Florida A&M,SWAC,4-Jan,5.4,305,33.7,251,28.3,384
Shepherd,PSAC,1-Mar,5.4,306,31,285,25.6,334
Northern State,Northern Sun,1-Apr,5.1,307,26.2,371,21.1,260
Dordt (Iowa),Great Plains,2-Feb,4.8,308,35.1,233,30.3,433
The Citadel,Southern,3-Jan,4.7,309,28.4,327,23.7,309
Colorado Mines,RMAC,2/2/01,4.7,310,26.6,364,21.8,273
Virginia State,CIAA,1-Apr,4.7,311,27.6,340,22.9,295
Murray State,MVFC,4-Jan,4.6,312,30.8,286,26.3,345
Indianapolis,Great Lakes Valley,4-Jan,4.5,313,34,247,29.5,408
UNC Pembroke,Carolinas,1-May,4.4,314,25.1,392,20.7,254
Fordham,Patriot,4-Jan,4.2,315,26.1,372,21.9,275
UAPB,SWAC,2-Feb,4.2,316,35.2,229,31,449
Washburn,Mid-America,3/1/01,4.1,317,25,394,21,257
Northeastern State,Indies (D2),Mar-00,4,318,27.7,338,23.6,307
Truman State,Great Lakes Valley,3-Feb,4,319,33.2,255,29.2,403
Christopher Newport,NJAC,Mar-00,3.8,320,25.7,381,21.9,276
Bloomsburg,PSAC,1-Mar,3.8,321,29.8,304,26,340
UW-La Crosse,WIAC,2-Jan,3.7,322,26.9,350,23.3,302
Bucknell,Patriot,4-Jan,3.6,323,24.3,410,20.7,253
Southeastern (Fla.),The Sun,Mar-00,3.6,324,26.7,357,23.1,298
Hardin-Simmons,ASC,Feb-00,3.5,325,32.4,263,28.9,396
Valparaiso,Pioneer,3-Jan,3.4,326,28.4,329,24.9,325
Long Island,NEC,0-5,3.4,327,22.3,446,18.9,229
Sioux Falls,Northern Sun,2-Mar,3.3,328,25.5,384,22.2,285
Merrimack,Indies (FCS),3-Feb,3.3,329,25.9,378,22.6,290
Benedict,SIAC,1-Mar,3.2,330,22.9,439,19.7,235
Baldwin Wallace,OAC,Mar-00,3.2,331,33.7,250,30.6,443
Wagner,NEC,3-Jan,3.1,332,22.8,440,19.7,237
New Haven,NEC,4-Jan,2.7,333,24.9,398,22.2,284
Assumption,Northeast 10,2-Feb,2.7,334,29.8,302,27.2,358
Stonehill,NEC,4-Jan,2.5,335,23.1,435,20.6,252
Davidson,Pioneer,3-Feb,2.5,336,30.4,292,27.9,374
McPherson (Kan.),Kansas Collegiate,May-00,2.4,337,30.7,288,28.4,388
Clarion,PSAC,1-Mar,2.3,338,31.8,269,29.5,412
Southwestern (Kan.),Kansas Collegiate,1-Apr,2.2,339,35.5,221,33.3,487
Midland (Neb.),Great Plains,May-00,2.2,340,30.6,289,28.4,389
Bentley,Northeast 10,2-Feb,2.1,341,28.1,331,26,341
Pittsburg State,Mid-America,0-4,2,342,24.2,413,22.2,283
Baker (Kan.),Heart of America,Apr-00,1.9,343,24.1,416,22.3,286
Trinity (Texas),SAA,Mar-00,1.6,344,21.1,461,19.5,233
East Central (OK),Great American,Apr-00,1.3,345,31.8,271,30.5,438
Bemidji State,Northern Sun,3-Feb,1.2,346,24.9,397,23.7,308
Western Oregon,Lone Star,2-Jan,1.2,347,31.7,273,30.5,437
Walsh,Great Midwest,Apr-00,1.1,348,19.9,474,18.8,225
Mount Union,OAC,2-Jan,0.8,349,27.7,337,26.9,355
Mary Hardin-Baylor,ASC,1-Feb,0.7,350,25.1,391,24.4,314
Morehead State,Pioneer,3-Jan,0.6,351,31.7,274,31.1,450
Utica,E8,Apr-00,0.5,352,28.8,316,28.4,387
Washington U.,NCAC,Apr-00,0.4,353,29.3,309,28.9,393
Mercyhurst,NEC,4-Jan,0.3,354,27.4,343,27.2,359
Charleston (WV),Mountain East,3-Feb,0.1,355,30.4,294,30.2,431
Delta State,Gulf South,3-Jan,-0.1,356,26.7,360,26.8,352
Franklin and Marshall,CC,Mar-00,-0.2,357,23,436,23.2,299
Texas A&M-Kingsville,Lone Star,1-Feb,-0.2,358,33.8,249,34,498
South Dakota Mines,RMAC,1-Apr,-0.2,359,27.4,344,27.6,367
Catawba,South Atlantic,3-Feb,-0.3,360,21.9,450,22.2,282
Frostburg State,Mountain East,2-Feb,-0.3,361,26.9,351,27.2,360
Trinity (Conn.),NESCAC,Feb-00,-0.3,362,24.8,399,25.2,329
Mars Hill,South Atlantic,Apr-00,-0.4,363,16.7,529,17.1,204
NC A&T,CAA,4-Jan,-0.5,364,24.1,419,24.6,319
Upper Iowa,Great Lakes Valley,3-Jan,-0.5,365,29.5,307,30,426
Emory & Henry,South Atlantic,4-Jan,-0.7,366,20.7,468,21.4,266
Anderson,South Atlantic,1-Apr,-0.9,367,16.4,534,17.3,208
Hampton,CAA,4-Jan,-1.1,368,25.5,383,26.6,351
Linfield,NWC,1-Jan,-1.1,369,26.8,355,27.9,373
DePauw,NCAC,1-Mar,-1.2,370,28.4,326,29.6,418
Presbyterian,Pioneer,3-Jan,-1.2,371,28.7,322,29.9,425
Merchant Marine,NEWMAC,Mar-00,-1.3,372,30,298,31.3,456
Endicott,CNE,Apr-00,-1.4,373,26.6,362,28,376
Berry,SAA,Mar-00,-1.5,374,20.8,466,22.3,287
Utah Tech,Big Sky,0-5,-1.6,375,26,375,27.6,366
Kentucky State,SIAC,1-Apr,-1.6,376,24.6,404,26.3,344
Carroll (Mont.),Frontier,1-Mar,-1.6,377,24.8,402,26.4,348
Colorado Mesa,RMAC,3-Feb,-1.7,378,26.8,353,28.5,392
West Chester,PSAC,1-Mar,-1.7,379,24.1,417,25.8,335
Minnesota-Moorhead,Northern Sun,2-Mar,-2.1,380,27.5,341,29.6,415
Edward Waters,SIAC,1-Apr,-2.2,381,32.8,257,35,515
Olivet Nazarene (Ill.),Mid-States Midwest,Mar-00,-2.3,382,31.8,270,34.2,501
Lake Forest,MWC (D3),Mar-00,-2.4,383,29,313,31.4,457
Fayetteville State,CIAA,3-Feb,-2.5,384,17.8,511,20.3,250
Washington and Jefferson,PAC,1-Feb,-2.7,385,22.2,447,24.9,326
Black Hills State,RMAC,1-Apr,-2.7,386,28.5,324,31.2,455
SE Oklahoma State,Great American,1-Mar,-2.7,387,19.1,495,21.8,274
Albany State,SIAC,3-Feb,-2.8,388,20.6,470,23.4,303
Marian (Ind.),Mid-States Midwest,1-Mar,-2.9,389,26.7,359,29.6,416
Franklin Pierce,Northeast 10,1-Feb,-2.9,390,26.3,369,29.2,402
Brockport,E8,1-Mar,-3.1,391,24.2,414,27.3,361
Wabash,NCAC,Apr-00,-3.2,392,21.3,458,24.5,316
Angelo State,Lone Star,3-Jan,-3.2,393,28.7,318,31.9,463
Southern Arkansas,Great American,3-Jan,-3.4,394,23.5,426,26.9,356
Stetson,Pioneer,3-Jan,-3.4,395,26.7,361,30.1,429
Concordia-Moorhead,MIAC,Mar-00,-3.5,396,18.4,501,21.9,277
Missouri Western,Mid-America,2-Feb,-3.5,397,28.6,323,32.2,464
Ottawa (Ariz.),Sooner,1-Mar,-3.8,398,28.5,325,32.3,471
Georgetown (Ky.),Mid-South,2-Feb,-3.9,399,23.7,424,27.6,364
Edinboro,PSAC,2-Feb,-4,400,24.2,415,28.1,381
Wesleyan,NESCAC,Feb-00,-4,401,21.5,456,25.5,333
Roosevelt,GLIAC,Apr-00,-4.2,402,32.7,259,36.9,541
Arkansas Tech,Great American,2-Feb,-4.2,403,25.1,393,29.3,404
Springfield,NEWMAC,1-Mar,-4.2,404,23.2,433,27.5,363
Winona State,Northern Sun,3-Feb,-4.4,405,17.7,512,22.1,280
Allen,SIAC,2-Feb,-4.7,406,26.1,373,30.8,447
VMI,Southern,0-5,-4.7,407,19.8,480,24.5,317
Susquehanna,LAND,1-Mar,-4.7,408,21.5,457,26.3,346
Nebraska-Kearney,Mid-America,0-4,-5.1,409,17.7,513,22.7,292
Cumberland (Tenn.),Mid-South,1-Mar,-5.2,410,25.4,387,30.6,444
William Jewell,Great Lakes Valley,Mar-00,-5.2,411,23.7,423,29,398
Ithaca,LL,1-Mar,-5.6,412,20.9,465,26.5,350
Chadron State,RMAC,4-Jan,-5.9,413,20.1,472,25.9,339
Southern Connecticut,Northeast 10,1-Feb,-6,414,25.2,390,31.2,452
Ohio Dominican,Great Midwest,2-Feb,-6.1,415,19.8,481,25.8,337
Randolph-Macon,ODAC,1-Feb,-6.1,416,20.7,469,26.8,354
Chicago State,Indies (FCS),4-Jan,-6.4,417,27.3,345,33.7,495
Evangel (Mo.),Kansas Collegiate,2-Mar,-6.4,418,27.8,336,34.2,502
Ursinus,CC,Mar-00,-6.7,419,21.6,455,28.2,383
Wartburg,ARC,2-Jan,-6.7,420,19.6,486,26.3,347
Pace,Northeast 10,2-Feb,-6.7,421,23,438,29.7,420
New Mexico Highlands,RMAC,2-Mar,-6.8,422,30.4,293,37.1,552
Fairmont State,Mountain East,4-Jan,-6.8,423,27.9,335,34.7,508
West Texas A&M,Lone Star,3-Jan,-6.8,424,35,235,41.8,617
Midwestern State,Lone Star,1-Mar,-6.8,425,33.3,254,40.1,592
MVSU,SWAC,4-Jan,-6.8,426,26.1,374,32.9,476
SW Oklahoma State,Great American,3-Jan,-7,427,23.3,431,30.3,434
Johns Hopkins,CC,2-Jan,-7.2,428,25.2,389,32.4,474
Kansas Wesleyan,Kansas Collegiate,1-Apr,-7.3,429,24.1,418,31.4,458
Monmouth,MWC (D3),2-Feb,-7.4,430,23.7,422,31.2,453
Heidelberg,OAC,Apr-00,-7.9,431,23.3,429,31.2,454
Shippensburg,PSAC,3-Jan,-8.2,432,19.9,477,28.1,377
Taylor (Ind.),Mid-States Mideast,1-Mar,-8.3,433,36.4,211,44.7,646
Mount St. Joseph,HCAC,Mar-00,-8.4,434,25.8,379,34.2,503
Missouri S&T,Great Lakes Valley,4-Jan,-8.5,435,26.5,365,35,513
Howard Payne,ASC,Mar-00,-8.7,436,28.1,332,36.8,540
Tusculum,South Atlantic,2-Mar,-8.8,437,15.1,555,23.9,311
Quincy,Great Lakes Valley,2-Feb,-9,438,28.8,317,37.8,563
Lake Erie,Great Midwest,2-Feb,-9,439,15.7,542,24.7,322
Tuskegee,SIAC,2-Feb,-9.1,440,15.8,538,24.9,323
Salve Regina,NEWMAC,Apr-00,-9.1,441,19.2,493,28.3,385
Dakota State (S.D.),Frontier,1-Apr,-9.2,442,25.4,386,34.7,509
Louisiana Christian,Sooner,1-Apr,-9.3,443,34.3,244,43.6,631
MIT,NEWMAC,1-Feb,-9.8,444,14.9,559,24.7,321
Southwest Baptist,Great Lakes Valley,3-Feb,-9.8,445,20.3,471,30.1,430
Wheeling,Mountain East,2-Feb,-9.9,446,19.6,488,29.5,410
Ohio Northern,OAC,1-Mar,-10,447,18.1,507,28.1,379
Northwestern State,Southland,0-5,-10,448,27.3,346,37.3,555
Shenandoah,ODAC,1-Feb,-10.4,449,24.4,406,34.8,511
Northwestern (Iowa),Great Plains,2-Mar,-10.4,450,24.7,403,35.1,516
Lock Haven,PSAC,2-Feb,-10.6,451,17.1,520,27.7,369
Muhlenberg,CC,1-Feb,-10.6,452,25.7,380,36.4,535
Brevard,USAC,Mar-00,-10.8,453,19.9,475,30.7,445
UW-Eau Claire,WIAC,Mar-00,-10.9,454,19.7,484,30.5,440
Minot State,Northern Sun,4-Jan,-10.9,455,21.3,459,32.2,467
Seton Hill,PSAC,3-Jan,-11.1,456,14.7,563,25.8,336
Concordia (Neb.),Great Plains,2-Feb,-11.4,457,29.8,300,41.2,608
Trine,MIAA,1-Mar,-11.6,458,30.2,297,41.9,618
Missouri Southern,Mid-America,3-Jan,-11.7,459,16.8,524,28.5,391
Montana Western,Frontier,2-Feb,-11.8,460,29.8,303,41.6,613
Grove City,PAC,2-Jan,-11.8,461,15.3,549,27.1,357
Glenville State,Mountain East,3-Jan,-11.8,462,21.3,460,33.2,483
Shorter,Carolinas,3-Feb,-11.9,463,18.6,498,30.5,439
Calvin,MIAA,Apr-00,-11.9,464,25,395,37,544
Livingstone,CIAA,3-Feb,-12,465,17.4,515,29.4,406
West Virginia State,Mountain East,3-Jan,-12.1,466,23.7,425,35.7,528
West Liberty,Mountain East,1-Apr,-12.1,467,24.8,400,36.9,543
Marietta,OAC,1-Mar,-12.1,468,16.8,523,28.9,395
Fort Valley State,SIAC,3-Jan,-12.3,469,15.4,545,27.7,368
Concordia-St. Paul,Northern Sun,2-Mar,-12.3,470,15.8,540,28.1,380
Cumberlands (Ky.),Mid-South,1-Apr,-12.4,471,24.6,405,36.9,542
Benedictine,NACC,Mar-00,-12.6,472,18,508,30.5,442
Shaw,CIAA,1-Apr,-13,473,18.2,506,31.1,451
Denison,NCAC,1-Mar,-13,474,16.8,527,29.8,422
Ottawa (Kan.),Kansas Collegiate,2-Mar,-13.1,475,22.5,442,35.6,525
Central,ARC,1-Feb,-13.2,476,19.2,492,32.4,473
Adrian,MIAA,2-Feb,-13.2,477,19.8,479,33,482
MidAmerica Nazarene (Kan.),Heart of America,2-Mar,-13.4,478,21,463,34.4,504
William Penn (Iowa),Heart of America,1-Apr,-13.4,479,14.6,564,28,375
Mary,Northern Sun,3-Feb,-13.5,480,15.4,546,28.9,394
UW-Oshkosh,WIAC,1-Feb,-13.7,481,15.8,541,29.5,409
Arkansas-Monticello,Great American,3-Jan,-13.9,482,21.8,453,35.7,527
St. John Fisher,E8,Apr-00,-14,483,15.9,537,29.8,423
Augustana,CCIW,2-Feb,-14,484,19.2,491,33.3,485
McKendree,Great Lakes Valley,3-Jan,-14.2,485,25.7,382,39.9,588
Alma,MIAA,3-Jan,-14.2,486,23.1,434,37.3,556
Concordia (Wis.),NACC,Apr-00,-14.4,487,21,464,35.3,522
Central State (OH),SIAC,3-Feb,-14.8,488,19.1,494,33.9,497
Gannon,PSAC,0-4,-14.8,489,22.6,441,37.4,558
Rowan,NJAC,1-Feb,-14.8,490,12.9,590,27.7,370
Dickinson,CC,1-Feb,-14.9,491,17.6,514,32.5,475
Barton,Carolinas,4-Jan,-14.9,492,13.4,585,28.4,386
Hanover,HCAC,1-Feb,-15,493,14.8,562,29.9,424
Chapman,SCIAC,1-Feb,-15.1,494,18.2,503,33.3,488
Miles,SIAC,3-Feb,-15.3,495,14.4,565,29.7,419
Coe,ARC,2-Jan,-16.2,496,15.4,548,31.5,459
Carroll,CCIW,1-Mar,-16.2,497,13.8,578,30,428
Chowan,Carolinas,2-Feb,-16.2,498,16.8,525,33,479
Winston-Salem State,CIAA,0-5,-16.3,499,14,571,30.4,435
Carnegie Mellon,CC,2-Jan,-16.5,500,13.7,579,30.2,432
Concord,Mountain East,2-Feb,-16.6,501,25,396,41.7,614
American International,Northeast 10,2-Feb,-16.8,502,12.8,592,29.6,414
Eastern,MAC (D3),1-Mar,-16.8,503,10.8,616,27.6,365
Aurora,NACC,3-Jan,-16.8,504,23.4,428,40.2,595
Hampden-Sydney,ODAC,1-Feb,-16.9,505,23.3,432,40.1,593
Elizabeth City State,CIAA,0-4,-16.9,506,13.8,577,30.7,446
Bowie State,CIAA,3-Jan,-16.9,507,15.3,550,32.2,465
Pikeville (Ky.),Appalachian,2-Mar,-17.1,508,23.8,421,40.9,601
Union,LL,2-Feb,-17.2,509,15.1,553,32.4,472
Saint Francis-PA,PAC,0-1,-17.5,510,14.2,570,31.6,460
Oklahoma Baptist,Great American,2-Feb,-17.6,511,19.6,487,37.2,554
UW-Stout,WIAC,1-Feb,-17.6,512,22.2,448,39.8,586
Stevenson,MAC (D3),1-Mar,-17.8,513,11.9,601,29.6,417
East Texas Baptist,ASC,2-Feb,-17.8,514,28,334,45.7,661
Centre,SAA,2-Jan,-17.8,515,7.1,656,24.9,324
RPI,LL,2-Feb,-17.8,516,17.3,519,35.1,517
Texas Wesleyan,Sooner,2-Mar,-18,517,26.4,367,44.4,643
Delaware Valley,MAC (D3),2-Feb,-18,518,7.2,654,25.2,331
Bethel (Tenn.),Mid-South,3-Jan,-18.3,519,11.7,605,30,427
Erskine,Carolinas,2-Feb,-18.4,520,15.4,547,33.8,496
Fort Lewis,RMAC,2-Feb,-18.7,521,14.3,567,33,480
Lincoln (MO),Great Lakes Valley,2-Feb,-18.9,522,19.6,485,38.6,576
UVA-Wise,South Atlantic,0-5,-18.9,523,15.2,552,34.1,500
Chicago,MWC (D3),1-Feb,-19,524,24.3,411,43.2,627
Eastern Oregon,Frontier,1-Feb,-19,525,16.7,531,35.7,526
Whitworth,NWC,1-Jan,-19,526,17.9,509,37,545
Mass-Dartmouth,MASCAC,2-Jan,-19.2,527,18.3,502,37.4,557
Florida Memorial,The Sun,2-Feb,-19.3,528,26.8,352,46.1,670
Millsaps,SAA,1-Feb,-19.4,529,18.5,500,37.9,565
Roanoke,ODAC,Mar-00,-19.6,530,13.9,575,33.5,491
St. Francis (Ind.),Mid-States Midwest,3-Jan,-19.7,531,17.4,516,37.1,551
George Fox,NWC,Mar-00,-19.8,532,13.3,588,33,481
Northern Michigan,GLIAC,0-4,-20,533,23.3,430,43.3,628
St. Anselm,Northeast 10,0-4,-20.3,534,16.8,526,37.1,549
Massachusetts Maritime,MASCAC,Mar-00,-20.4,535,4.8,684,25.2,330
Valley City State (N.D.),Frontier,3-Jan,-20.5,536,15,558,35.5,523
Illinois Wesleyan,CCIW,1-Mar,-20.6,537,14,573,34.6,506
Hobart,LL,2-Feb,-20.6,538,14.3,568,34.9,512
Williams,NESCAC,Feb-00,-20.6,539,8.5,641,29.2,401
Millersville,PSAC,0-4,-20.8,540,17.3,517,38.1,568
Eastern New Mexico,Lone Star,0-4,-20.8,541,26.8,354,47.6,689
LaGrange,USAC,1-Feb,-21.2,542,8.2,645,29.3,405
Case Western Reserve,PAC,1-Feb,-21.3,543,21.9,451,43.1,626
Dickinson State (N.D.),Frontier,4-Jan,-21.4,544,19.7,482,41.1,605
Thomas More,Great Midwest,0-4,-21.6,545,10.7,618,32.3,468
Lewis and Clark,NWC,1-Feb,-21.7,546,21.7,454,43.4,629
McMurry,ASC,2-Feb,-21.9,547,18.2,504,40.1,591
Mayville State (N.D.),Frontier,1-Apr,-22,548,15.1,557,37.1,548
Cal Lutheran,SCIAC,1-Feb,-22.2,549,15.5,544,37.6,560
Dakota Wesleyan (S.D.),Great Plains,2-Mar,-22.3,550,18.6,499,40.9,600
Faulkner (Ala.),Indies (NAIA),2-Mar,-22.4,551,16.1,536,38.5,575
Bridgewater State,MASCAC,Apr-00,-22.4,552,14,572,36.4,537
Reinhardt (Ga.),Appalachian,4-Jan,-22.5,553,23.4,427,45.9,664
Clark Atlanta,SIAC,3-Feb,-22.6,554,15.2,551,37.8,564
Morehouse,SIAC,4-Jan,-22.7,555,16.3,535,39,578
Loras,ARC,1-Feb,-22.7,556,18.2,505,40.9,602
Ferrum,Carolinas,0-4,-22.8,557,13.4,587,36.1,532
Savannah State,SIAC,0-4,-22.8,558,12.2,596,35,514
Misericordia,MAC (D3),1-Mar,-22.8,559,10.8,615,33.7,494
Graceland (Iowa),Heart of America,4-Jan,-23,560,21.9,449,45,650
Montclair State,NJAC,1-Feb,-23,561,13.4,586,36.4,536
Carleton,MIAC,1-Feb,-23.2,562,22.5,443,45.7,660
Mount Marty,Great Plains,3-Feb,-23.2,563,24,420,47.3,685
Southern Nazarene,Great American,0-4,-23.2,564,14.9,561,38.1,569
Coast Guard,NEWMAC,2-Feb,-23.3,565,24.8,401,48.1,693
Illinois College,MWC (D3),2-Feb,-23.3,566,16.9,522,40.2,594
Hendrix,SCAC,1-Feb,-23.3,567,17.8,510,41.2,607
Western New England,CNE,2-Feb,-23.3,568,21,462,44.4,641
Hastings (Neb.),Great Plains,2-Feb,-23.5,569,14.9,560,38.4,572
Washington and Lee,ODAC,1-Feb,-23.6,570,8.3,644,31.9,462
Alfred State,E8,1-Mar,-23.7,571,17,521,40.6,599
St. Xavier (Ill.),Mid-States Midwest,3-Jan,-24,572,14.3,566,38.3,571
Lincoln (PA),CIAA,3-Jan,-24,573,12.5,595,36.6,538
Missouri Valley,Heart of America,2-Feb,-24.1,574,12,598,36.1,531
Lawrence Tech (Mich.),Mid-States Mideast,1-Mar,-24.1,575,21.8,452,46,666
Peru State (Neb.),Heart of America,4-Jan,-24.7,576,11.2,612,35.9,529
TCNJ,NJAC,2-Jan,-24.8,577,6,674,30.9,448
Gustavus Adolphus,MIAC,2-Jan,-25.1,578,10.2,625,35.2,520
Wilkes,LAND,2-Jan,-25.3,579,9.3,631,34.7,507
Wayne State (MI),GLIAC,0-4,-25.3,580,19.4,490,44.7,647
Texas Lutheran,SCAC,1-Mar,-25.5,581,19.1,496,44.5,644
Maryville (Tenn.),SAA,3-Jan,-25.6,582,13.9,576,39.5,582
Concordia-Chicago,NACC,Mar-00,-25.8,583,19.8,478,45.6,657
Middlebury,NESCAC,1-Jan,-26,584,7,658,32.9,478
Bluefield State,CIAA,0-5,-26.1,585,14,574,40,590
Claremont-Mudd-Scripps,SCIAC,1-Feb,-26.1,586,6.2,670,32.3,469
Framingham State,MASCAC,Mar-00,-26.2,587,4.4,687,30.5,441
UW-Stevens Point,WIAC,1-Feb,-26.2,588,11.9,600,38,567
King's,MAC (D3),2-Jan,-26.2,589,8.5,643,34.7,510
Amherst,NESCAC,Feb-00,-26.4,590,6.9,661,33.3,486
NW Oklahoma State,Great American,0-4,-26.4,591,18.7,497,45.2,652
St. Ambrose (Iowa),Heart of America,2-Feb,-26.5,592,10.7,619,37.1,550
Monroe,Indies (D2),0-3,-26.8,593,10.3,624,37.1,547
Westminster (Pa.),PAC,2-Jan,-26.8,594,11.5,607,38.3,570
Ave Maria (Fla.),The Sun,2-Feb,-27,595,9.6,629,36.6,539
SW Minnesota State,Northern Sun,4-Jan,-27,596,6.5,666,33.6,493
Southern Oregon,Frontier,3-Jan,-27,597,19.7,483,46.7,677
Webber International (Fla.),The Sun,1-Feb,-27.3,598,8.9,636,36.2,534
N.C. Wesleyan,USAC,1-Feb,-27.6,599,6.5,667,34.1,499
Rose-Hulman,HCAC,1-Feb,-27.8,600,11.8,602,39.6,583
Curry,CNE,2-Feb,-28,601,24.4,407,52.3,723
Rochester,LL,2-Feb,-28,602,7.2,655,35.2,519
Sul Ross State,Lone Star,3-Jan,-28.4,603,22.3,445,50.8,712
Simpson,ARC,2-Jan,-28.5,604,17.3,518,45.8,662
Western Connecticut,LAND,2-Feb,-28.5,605,9,635,37.5,559
Jamestown,Northern Sun,0-5,-28.7,606,7.3,651,36,530
Allegheny,PAC,Apr-00,-28.7,607,10.4,621,39.2,580
Kentucky Wesleyan,Great Midwest,0-4,-28.8,608,9.1,633,37.9,566
Rocky Mountain (Mont.),Frontier,3-Jan,-28.8,609,15.6,543,44.4,640
Geneva,PAC,1-Feb,-28.9,610,12.5,593,41.5,612
Missouri Baptist,Heart of America,2-Feb,-29.1,611,8.6,640,37.7,562
Lycoming,LAND,3-Jan,-29.1,612,4.3,688,33.4,490
Tabor (Kan.),Kansas Collegiate,4-Jan,-29.2,613,12.1,597,41.3,609
Lackawanna,PSAC,0-3,-29.5,614,10.3,623,39.9,587
Defiance,Mid-States Mideast,2-Feb,-29.6,615,19.9,476,49.5,706
Pomona-Pitzer,SCIAC,2-Jan,-29.8,616,11.4,609,41.1,606
Alfred,E8,3-Jan,-29.8,617,9.8,627,39.6,584
Kean,NJAC,1-Feb,-30,618,6.2,671,36.1,533
WV Wesleyan,Mountain East,3-Feb,-30,619,9.1,634,39.1,579
Langston (Okla.),Sooner,2-Feb,-30.1,620,16.6,533,46.7,676
St. Norbert,NACC,2-Feb,-30.2,621,6.9,662,37,546
Post,Northeast 10,0-4,-30.2,622,13.6,582,43.8,636
Western New Mexico,Lone Star,4-Jan,-30.3,623,25.9,377,56.2,744
Albright,MAC (D3),2-Feb,-30.5,624,2.8,703,33.3,484
University of New England,CNE,0-4,-30.6,625,16.7,530,47.3,687
Adams State,RMAC,0-5,-30.8,626,15.1,556,45.9,665
Central Methodist (Mo.),Heart of America,3-Feb,-30.9,627,8.9,637,39.8,585
Pacific Lutheran,NWC,2-Jan,-30.9,628,8.5,642,39.5,581
Wisconsin Lutheran,NACC,2-Feb,-31.3,629,10.5,620,41.8,616
Lebanon Valley,MAC (D3),0-4,-31.4,630,1.5,713,32.9,477
Belhaven,USAC,2-Jan,-31.6,631,13.7,580,45.3,656
Madonna (Mich.),Mid-States Mideast,2-Feb,-32,632,16.7,528,48.7,702
Widener,MAC (D3),2-Feb,-32,633,-2.5,738,29.5,411
Wittenberg,NCAC,0-4,-32,634,6.8,663,38.9,577
Lakeland,NACC,2-Feb,-32.1,635,16.6,532,48.7,699
Lane,SIAC,0-5,-32.2,636,6.2,669,38.4,573
Tufts,NESCAC,1-Jan,-32.2,637,12.9,589,45.1,651
Wayland Baptist (Texas),Sooner,3-Feb,-32.2,638,19.9,473,52.1,721
Ohio Wesleyan,NCAC,3-Jan,-32.3,639,9.5,630,41.7,615
Gettysburg,CC,1-Feb,-32.4,640,11.2,610,43.6,632
Castleton,NJAC,1-Feb,-32.4,641,1.1,715,33.6,492
Schreiner,ASC,1-Mar,-32.6,642,10.9,614,43.5,630
Olivet,MIAA,1-Mar,-32.6,643,20.7,467,53.4,732
Huntingdon,USAC,2-Jan,-32.8,644,11.2,611,44,637
Macalester,MIAC,1-Feb,-32.9,645,13.6,583,46.5,675
SUNY-Maritime,NEWMAC,2-Feb,-33.4,646,15.1,554,48.6,698
Bluefield (Va.),Appalachian,3-Feb,-33.5,647,13.5,584,47,680
Avila (Mo.),Kansas Collegiate,3-Feb,-33.7,648,14.2,569,48,692
Simpson (Cal.),Frontier,2-Feb,-33.8,649,19.5,489,53.4,731
Augsburg,MIAC,2-Jan,-34,650,6,675,40,589
Plymouth State,MASCAC,2-Feb,-34,651,3.2,699,37.2,553
St. Vincent,PAC,1-Jan,-34.1,652,11.8,604,45.8,663
Culver-Stockton (Mo.),Heart of America,4-Jan,-34.2,653,11.8,603,46,667
WPI,NEWMAC,1-Mar,-34.8,654,0.4,721,35.3,521
La Verne,SCIAC,1-Feb,-35.2,655,6.7,664,41.9,619
Azusa Pacific,SCIAC,1-Jan,-35.2,656,5.8,677,41,603
Averett,ODAC,1-Feb,-35.5,657,12.9,591,48.4,695
Dubuque,ARC,2-Jan,-36,658,11.1,613,47.1,682
Colby,NESCAC,0-2,-36.3,659,-2.9,740,33.4,489
Nelson (Texas),Sooner,3-Jan,-36.4,660,10.7,617,47.2,684
North Park,CCIW,0-4,-36.4,661,10.4,622,46.8,678
Southwestern,SAA,0-3,-36.8,662,5.6,679,42.4,623
Doane (Neb.),Great Plains,2-Jan,-37.1,663,6.7,665,43.8,635
Briar Cliff (Iowa),Great Plains,0-4,-37.3,664,9.8,626,47.1,681
Capital,OAC,2-Feb,-37.3,665,7.5,649,44.8,648
Westminster (Mo.),UMAC,1-Feb,-37.3,666,1.1,717,38.4,574
Hiram,PAC,Mar-00,-37.7,667,2.8,704,40.5,597
Albion,MIAA,0-4,-37.9,668,9.8,628,47.6,688
Carthage,CCIW,2-Jan,-38.1,669,-3,741,35.1,518
Wooster,NCAC,3-Jan,-38.7,670,4,691,42.6,625
Ripon,MWC (D3),3-Jan,-39.8,671,3.9,692,43.7,634
Millikin,CCIW,2-Feb,-40.1,672,6.3,668,46.4,673
Worcester State,MASCAC,3-Jan,-40.3,673,8.1,646,48.4,696
Catholic,LAND,0-4,-40.3,674,1.1,716,41.5,611
Bridgewater,ODAC,0-3,-40.4,675,1.8,709,42.2,620
Warner (Fla.),The Sun,3-Jan,-40.5,676,8.8,638,49.3,705
Sewanee,SAA,2-Jan,-40.5,677,7.2,653,47.7,690
Kalamazoo,MIAA,3-Jan,-40.7,678,6.2,673,46.8,679
Oklahoma Panhandle State,Sooner,3-Feb,-40.8,679,11.9,599,52.7,727
Mount Mercy,Heart of America,0-4,-40.9,680,3.5,695,44.4,642
Morrisville State,E8,3-Jan,-41.1,681,3.5,696,44.6,645
William Woods (Mo.),Heart of America,2-Mar,-41.1,682,6.9,660,48.1,694
Southern Virginia,USAC,2-Jan,-41.2,683,11.6,606,52.7,728
Bethel (Kan.),Kansas Collegiate,4-Jan,-41.3,684,13.6,581,54.9,738
Westfield State,MASCAC,2-Feb,-41.3,685,-0.3,726,41,604
Apprentice,Unaffiliated,0-3,-41.4,686,7.3,650,48.7,700
Kentucky Christian,Appalachian,4-Jan,-42,687,15.8,539,57.8,752
FDU-Florham,MAC (D3),0-4,-42.5,688,1.2,714,43.7,633
Husson,CNE,0-3,-42.6,689,3.8,694,46.4,674
Redlands,SCIAC,0-3,-42.6,690,-2.3,734,40.4,596
Buena Vista,ARC,2-Jan,-42.9,691,4.4,686,47.3,686
Arizona Christian,Frontier,0-2,-43,692,5.5,681,48.4,697
Moravian,LAND,3-Jan,-43,693,-2.5,736,40.5,598
St. Francis (Ill.),Mid-States Midwest,0-4,-43.4,694,5.7,678,49.1,703
Point (Ga.),Appalachian,0-3,-44.6,695,1,718,45.7,658
St. Lawrence,LL,3-Jan,-44.6,696,-0.5,727,44.1,639
Bowdoin,NESCAC,0-2,-44.9,697,-10.4,769,34.4,505
St. Mary (Kan.),Kansas Collegiate,0-5,-45,698,11.5,608,56.5,748
Hartwick,E8,3-Jan,-45.2,699,6.2,672,51.4,715
Greensboro,USAC,2-Jan,-45.5,700,-0.3,725,45.2,653
Luther,MWC (D3),1-Mar,-45.5,701,-0.7,728,44.8,649
William Paterson,NJAC,0-3,-45.5,702,-3.1,744,42.4,624
Kenyon,NCAC,3-Jan,-45.6,703,-1.5,731,44.1,638
Alvernia,MAC (D3),2-Feb,-46,704,-4.6,754,41.4,610
St. Olaf,MIAC,0-3,-46.1,705,2.6,707,48.7,701
Norwich,NEWMAC,2-Jan,-46.5,706,-4.3,752,42.2,621
Methodist,USAC,2-Jan,-47.1,707,-4.8,757,42.2,622
Waynesburg,PAC,0-4,-47.2,708,2.4,708,49.6,707
Nichols,CNE,3-Jan,-47.3,709,12.5,594,59.9,761
Nebraska Wesleyan,ARC,0-3,-47.4,710,5.5,680,52.9,729
Montana State-Northern,Frontier,0-5,-47.4,711,7,659,54.4,736
Muskingum,OAC,0-3,-47.5,712,1.7,710,49.2,704
Sterling (Kan.),Kansas Collegiate,4-Jan,-47.5,713,8.8,639,56.2,745
McDaniel,CC,2-Jan,-47.6,714,-9.9,768,37.7,561
Wilmington,OAC,3-Jan,-47.6,715,4.2,689,51.8,718
Northwestern (Minn.),UMAC,0-3,-48.2,716,3.3,698,51.5,716
Fitchburg State,MASCAC,2-Jan,-48.4,717,1.7,711,50.2,708
Keystone,Indies (D3),3-Jan,-48.5,718,7,657,55.5,742
Elmhurst,CCIW,3-Jan,-48.8,719,-1.1,730,47.7,691
Andrew,Indies (NAIA),0-5,-48.8,720,4.1,690,52.9,730
Bates,NESCAC,0-2,-48.9,721,-3.2,746,45.7,659
Hamilton,NESCAC,0-2,-49.1,722,3.5,697,52.6,725
Pacific,NWC,0-3,-49.2,723,-3.1,742,46.1,669
Greenville,UMAC,1-Jan,-49.2,724,7.8,647,57,749
Cornell,MWC (D3),3-Jan,-49.3,725,-3.2,745,46.1,668
Martin Luther,UMAC,0-3,-49.3,726,-3.1,743,46.2,672
Minnesota-Morris,UMAC,2-Jan,-49.4,727,2.7,706,52.1,720
Arkansas Baptist,Sooner,3-Feb,-49.6,728,4.8,683,54.4,737
Union (Ky.),Appalachian,0-4,-49.8,729,2.8,702,52.6,726
Otterbein,OAC,3-Jan,-49.9,730,0.5,720,50.4,711
Juniata,LAND,3-Jan,-50.1,731,-4.8,756,45.3,655
Bethany (Kan.),Kansas Collegiate,4-Jan,-50.2,732,7.3,652,57.5,750
St. Scholastica,MIAC,0-3,-50.3,733,-0.2,724,50.2,709
Waldorf (Iowa),Great Plains,0-5,-50.5,734,5.8,676,56.3,746
Bethany,PAC,2-Feb,-50.7,735,7.7,648,58.4,756
Franklin,HCAC,2-Jan,-51.2,736,3,701,54.1,735
Clarke (Iowa),Heart of America,0-4,-51.5,737,0.2,723,51.7,717
Texas College,Sooner,0-5,-51.6,738,9.2,632,60.8,764
Thomas University (Ga.),The Sun,3-Jan,-51.8,739,3.2,700,55,739
Crown,UMAC,2-Jan,-52.5,740,-7.3,763,45.2,654
Grinnell,MWC (D3),2-Feb,-53.1,741,-6,759,47.1,683
Virginia-Lynchburg,Unaffiliated,0-5,-53.2,742,5.3,682,58.5,757
Austin,SCAC,3-Jan,-53.5,743,1.7,712,55.2,741
Lyon,SCAC,3-Jan,-55.1,744,0.7,719,55.8,743
Manchester,HCAC,2-Jan,-55.3,745,-3.4,747,51.9,719
Hamline,MIAC,2-Jan,-55.5,746,3.8,693,59.4,760
Fort Lauderdale,Unaffiliated,0-4,-56.1,747,-3.7,749,52.4,724
Puget Sound,NWC,0-2,-56.3,748,4.5,685,60.8,766
Saint Mary-of-the-Woods,Mid-States Midwest,0-3,-56.5,749,2.8,705,59.2,759
Anderson,HCAC,2-Jan,-56.5,750,-2.5,735,54,734
Rhodes,SAA,0-3,-56.8,751,-4.5,753,52.3,722
Willamette,NWC,2-Jan,-57.3,752,-6.1,760,51.2,714
Guilford,ODAC,1-Jan,-57.4,753,-4,750,53.4,733
Whittier,SCIAC,0-2,-57.8,754,0.3,722,58,755
Knox,MWC (D3),3-Jan,-57.9,755,-7.6,764,50.3,710
Rockford,NACC,0-4,-58.6,756,-3.6,748,55,740
Beloit,MWC (D3),3-Jan,-61.3,757,-15.2,772,46.1,671
Bluffton,HCAC,0-3,-61.4,758,-1,729,60.5,762
Thiel,PAC,0-4,-62.2,759,-4.6,755,57.6,751
Eureka,NACC,0-4,-62.3,760,-11.5,771,50.9,713
Gallaudet,SCAC,0-4,-62.5,761,-1.7,732,60.8,765
Buffalo State,LL,0-4,-62.8,762,-4.1,751,58.7,758
Rio Grande,Appalachian,0-4,-63.9,763,-2.5,737,61.4,768
Centenary (La.),SCAC,0-3,-65.7,764,-9.3,767,56.4,747
New England College,CNE,3-Jan,-66.1,765,-5.6,758,60.5,763
Oberlin,NCAC,0-4,-66.6,766,-8.6,765,58,754
Westgate Christian,Unaffiliated,0-3,-67.9,767,-2.7,739,65.2,771
Dean,MASCAC,0-3,-68,768,-6.9,762,61.1,767
Judson (Ill.),Mid-States Midwest,0-4,-68.5,769,-2,733,66.4,772
Lawrence,MWC (D3),0-3,-69,770,-11.1,770,57.9,753
Hilbert,LL,0-4,-71,771,-6.9,761,64.1,770
Maine Maritime,CNE,0-3,-73.1,772,-9.2,766,64,769